title,rating
3%,TV-MA
1920,TV-MA
3 Heroines,TV-PG
Blue Mountain State: The Rise of Thadland,R
Blue Planet II,TV-G
Blue Ruin,R
Blue Streak,PG-13
Bo on the Go!,TV-Y
Bob Lazar: Area 51 & Flying Saucers,TV-MA
Bob Ross: Beauty Is Everywhere,TV-G
Bob's Broken Sleigh,TV-G
Bobbi Jene,TV-MA
Bobbleheads The Movie,PG
Bobby,TV-14
Bobby Jasoos,TV-14
Bobby Kennedy for President,TV-MA
3 Seconds Divorce,TV-PG
Bobby Robson: More Than a Manager,TV-14
Bobby Sands: 66 Days,TV-14
Boca Juniors Confidential,TV-PG
Bodyguard,TV-14
Bogda,TV-PG
Boi,TV-MA
Blue Valentine,R
BluffMaster!,TV-14
Blurred Lines: Inside the Art World,TV-MA
BNA,TV-14
BNK48: Girls Don't Cry,TV-14
Bo Burnham: Make Happy,TV-MA
3 Idiots,PG-13
Bo Burnham: what.,TV-MA
BoJack Horseman,TV-MA
BoJack Horseman Christmas Special: Sabrina's Christmas Wish,TV-MA
Bokeh,TV-14
Bolívar,TV-MA
3 Türken & ein Baby,TV-MA
Bollywood Calling,TV-MA
Bolt,PG
Bomb Scared,TV-MA
Bombairiya,TV-MA
Bombay Talkies,TV-MA
Bombshell,TV-MA
Bombshell: The Hedy Lamarr Story,TV-14
Bon Bini Holland,TV-MA
Bon Cop Bad Cop 2,TV-MA
30 Days of Luxury,TV-14
Bondi Rescue,TV-PG
BONDING,TV-MA
Bonnie and Clyde,R
Bonus Family,TV-MA
Booba,TV-Y7
Bookmarks,TV-Y
Boom,TV-MA
Border Patrol,TV-PG
Border Security: America's Front Line,TV-14
Borderline,TV-14
30 Minutes or Less,R
Borderliner,TV-MA
Bordertown,TV-MA
Borgen,TV-MA
Borges,TV-MA
Born Beautiful,TV-MA
Born in Gaza,TV-14
Born in Syria,TV-14
Born Racer,R
Born Strong,TV-MA
Born to Be Free,TV-14
300 Miles to Heaven,TV-14
Boss,TV-14
Bosta,TV-14
Botched Up Bodies,TV-MA
Bottersnikes & Gumbles,TV-Y7
Bottom of the World,TV-MA
Bountiful Blessings,TV-14
Boushkash,TV-MA
Boy and the World,PG
Boy Bye,TV-MA
Boy Missing,TV-MA
365 Days,TV-MA
Boyka: Undisputed,R
Boys Over Flowers,TV-14
Brad Paisley's Comedy Rodeo,TV-MA
Brahman Naman,TV-MA
Brain Games,TV-G
Brain on Fire,PG-13
Brainchild,TV-G
Brampton's Own,TV-MA
Bratz: The Movie,PG
Brave Blue World: Racing to Solve Our Water Crisis,TV-PG
37 Seconds,TV-MA
Brave Miss World,TV-14
Brave New Jersey,TV-MA
Braven,R
Braxton Family Values,TV-PG
Bread Barbershop,TV-Y
Break,TV-MA
BREAK IT ALL: The History of Rock in Latin America,TV-MA
Break Ke Baad,TV-14
Break Up 100,TV-14
3Below: Tales of Arcadia,TV-Y7
Breaking Bad,TV-MA
Breaking Free,TV-MA
Breaking the Bank,TV-PG
Breakout,TV-14
Breath,TV-MA
Brené Brown: The Call to Courage,TV-14
Brews Brothers,TV-MA
Brian Regan: Nunchucks and Flamethrowers,TV-PG
Brick,R
Bride For Rent,TV-PG
1922,TV-MA
40 Sticks,TV-14
Bridezilla,TV-MA
Bridgerton,TV-MA
Bridget Christie: Stand Up for Her,TV-MA
Bright,TV-MA
Bright: The Music Videos,TV-MA
Brij Mohan Amar Rahe,TV-MA
Bring It On: Worldwide Showdown,PG-13
Bringing Sexy Back,TV-14
Broadchurch,TV-MA
42 Grams,TV-MA
Broken,TV-14
Bromance,TV-PG
Brooklyn's Finest,R
Brother,TV-MA
Brother in Love,TV-MA
Brother's Shadow,TV-MA
Brotherhood,TV-MA
Brotherhood of Blades II: The Infernal Battlefield,TV-MA
Brothers,TV-14
Brown Nation,TV-14
44 Cats,TV-Y7
Bruno and Boots: Go Jump in the Pool,TV-PG
Bruno and Boots: The Wizzle War,TV-PG
Bruno and Boots: This Can't Be Happening at Macdonald Hall,TV-PG
Bucket List,TV-14
Budapest,TV-MA
Buddha,TV-PG
Buddi,TV-Y
Buddies,TV-MA
Buddy Thunderstruck,TV-Y7
Buddy Thunderstruck: The Maybe Pile,TV-Y7
45 rpm,TV-MA
Budhia Singh: Born to Run,TV-MA
Buffalo Boys,TV-MA
Bugs,TV-G
Bulbbul,TV-MA
Bulbul Can Sing,TV-14
Bullet Head,R
Bulletproof 2,TV-MA
Bullitt County,TV-MA
Bully,PG-13
Bumping Mics with Jeff Ross & Dave Attell,TV-MA
48 Christmas Wishes,TV-G
Bunk'd,TV-G
Burlesque,PG-13
Burlesque: Heart of the Glitter Tribe,TV-MA
Burn Out,TV-MA
Burned Cocoon,TV-MA
Burning,TV-MA
Burning Cane,TV-MA
Burning Sands,TV-MA
Burnistoun,TV-MA
4L,TV-MA
Bushwick,TV-MA
Busted!,TV-14
Buster's Mal Heart,TV-MA
Butterfield 8,TV-14
BuyBust,TV-MA
Bwakaw,TV-MA
By the Sea,R
Bye Bye London,TV-14
Bygones Be Bygones,TV-MA
Bypass Road,TV-14
4th Man Out,NR
C Kkompany,TV-14
Cézanne et moi,R
Cabin Fever,R
Cabins in the Wild with Dick Strawbridge,TV-PG
Cable Girls,TV-MA
Cadaver,TV-MA
Cagaster of an Insect Cage,TV-MA
Cahaya Dari Timur Beta Maluku,TV-14
Caida del Cielo,TV-MA
Cain and Abel,TV-MA
4th Republic,TV-MA
Cairo Station,TV-14
Cake,TV-MA
Calendar Girls,TV-14
Calibre,TV-MA
Calico Critters,TV-Y
Calico Critters Mini Episodes Clover,TV-Y
Calico Critters: A Town of Dreams,TV-Y
Calico Critters: Everyone's Big Dream Flying in the Sky,TV-Y
Calico Critters: The Treasure of Calico Village,TV-Y
Caliphate,TV-MA
5 Cowok Jagoan,TV-MA
Call Me Francis,TV-14
Call My Agent!,TV-MA
Call the Midwife,TV-MA
Calum von Moger: Unbroken,TV-MA
Cam,TV-MA
Camarón Revolution,TV-14
Camarón: The Film,TV-14
Camelia la Texana,TV-14
Camera Store,TV-MA
Camp Cool Kids,TV-G
5 Flights Up,PG-13
Camp X,TV-MA
Camp X-Ray,R
Can We Get Married?,TV-14
Can You Hear Me?,TV-MA
Can't Hardly Wait,PG-13
Can't Help Falling in Love,TV-14
Can’t Complain,TV-MA
Candy Jar,TV-14
Candy Online,TV-MA
1983,TV-MA
5 Star Christmas,TV-14
Candyflip,TV-MA
Candyman,R
Cannabis,TV-MA
Cannon Busters,TV-MA
Canvas,G
Capital in the Twenty-First Century,TV-14
Cappuccino,TV-PG
Captain Underpants Epic Choice-o-Rama,TV-Y7
Captain Underpants Mega Blissmas,TV-Y7
Captive,TV-MA
5 to 7,R
Car Masters: Rust to Riches,TV-PG
Carbon,TV-MA
Cardboard Gangsters,TV-MA
Cardcaptor Sakura,TV-Y7
Care Bears & Cousins,TV-Y
Care Bears: Welcome to Care-a-Lot,TV-Y
Care of Kancharapalem,TV-14
Caregiver,TV-14
Cargo,TV-14
Carlos Almaraz: Playing with Fire,TV-14
50 First Dates,PG-13
Carlos Ballarta: El amor es de putos,TV-MA
Carlos Ballarta: Furia Ñera,TV-MA
Carmel: Who Killed Maria Marta?,TV-14
Carmen Sandiego,TV-Y7
Carmen Sandiego: To Steal or Not to Steal,TV-Y7
Carol,R
CAROLE & TUESDAY,TV-MA
Carrie,R
Carrie Pilby,TV-MA
Carriers,PG-13
50/50,R
Casa de mi Padre,R
Casablancas: The Man Who Loved Women,TV-14
Case,TV-MA
Case 39,R
Case Closed,TV-14
Casino Royale,PG-13
Casino Tycoon,TV-MA
Casino Tycoon 2,TV-MA
Casting JonBenet,TV-14
Castle and Castle,TV-MA
5CM,TV-14
Castle of Stars,TV-MA
Castlevania,TV-MA
Cat on a Hot Tin Roof,NR
Catch Me If You Can,PG-13
Catching Feelings,TV-MA
Catching the Sun,TV-14
Catfight,TV-MA
Cathedral of the Sea,TV-MA
Cats & Dogs: The Revenge of Kitty Galore,PG
Catwalk: Tales from the Cat Show Circuit,TV-PG
5Gang,TV-14
Caught on Camera,TV-MA
Cave,TV-MA
Cedric the Entertainer: Live from the Ville,TV-MA
Celebrity Marriage,TV-PG
Cells at Work!,TV-PG
Celluloid Man,TV-PG
Cemara's Family,TV-G
Center Stage,PG-13
Chaahat,TV-14
Chaar Sahibzaade,TV-PG
6 Balloons,TV-MA
Chadi Jawani Budhe Nu,TV-PG
Chal Bhaag,TV-14
Chal Dhar Pakad,TV-14
Chal Mere Bhai,TV-14
Chalay Thay Saath,TV-14
Challenger,TV-14
Chalte Chalte,TV-14
Chaman Bahaar,TV-MA
Chamatkar,TV-14
Chambers,TV-MA
6 Days,R
Chameli,TV-14
Champions,TV-14
Chance Pe Dance,TV-14
Chandani: The Daughter of the Elephant Whisperer,TV-G
Change in the Air,PG
Chaotic Love Poems,TV-14
Chappaquiddick,PG-13
Chappie,R
Charité,TV-MA
Charité at War,TV-MA
6 Underground,R
Charlie and the Chocolate Factory,PG
Charlie's Angels,PG-13
Charlie's Angels: Full Throttle,PG-13
Charlie's Colorforms City,TV-Y
Charlotte's Web,G
Charmed,TV-14
Charming,TV-Y7
Chashme Baddoor,TV-14
Chashme Buddoor,TV-PG
Chasing Amy,R
6 Years,TV-MA
Chasing Cameron,TV-14
Chasing Coral,TV-PG
Chasing Monsters,TV-PG
Chasing the Dragon,TV-MA
Chasing Trane,TV-PG
Chatô: The King of Brazil,TV-MA
Chauthi Koot,TV-14
Cheapest Weddings,TV-14
Check The Store Next Door: The Next Chapter,TV-14
Cheer,TV-MA
1994,TV-MA
6-5=2,TV-MA
Cheer Squad,TV-PG
Cheers,TV-PG
Cheese in the Trap,TV-14
Chef,R
Chef & My Fridge,TV-PG
Chef's Table,TV-MA
Chef's Table: BBQ,TV-14
Chef's Table: France,TV-14
Chelsea,TV-MA
Chelsea Does,TV-MA
60 Days In,TV-MA
Chelsea Handler: Uganda Be Kidding Me Live,TV-MA
Chelsea Peretti: One of the Greats,TV-MA
Chennai Express,TV-14
Chernobyl Diaries,R
Cheuk Wan-Chi: Two Night Stand,TV-MA
Chewin' the Fat,TV-14
Chewing Gum,TV-MA
Chhota Bheem,TV-Y
Chhota Bheem and the Curse of Damyaan,TV-Y7
Chhota Bheem Aur Kaala Yodha,TV-Y7
68 Kill,R
Chhota Bheem Ka Romani Adventure,TV-Y7
Chhota Bheem Ka Troll Se Takkar,TV-Y7
Chhota Bheem Kung Fu Dhamaka Series,TV-Y7
Chhota Bheem Kungfu Dhamaka,TV-Y7
Chicago Typewriter,TV-14
Chicken Kokkachi,TV-14
Chicken Little,G
Chicken Soup for the Soul's Being Dad,TV-MA
Chico Bon Bon and the Very Berry Holiday,TV-Y
Chico Bon Bon: Monkey with a Tool Belt,TV-Y
7 (Seven),TV-14
Chief Daddy,TV-MA
Chief of Staff,TV-14
Child's Play,R
Children of Adam,TV-14
Children of God,TV-MA
Children of the Sea,TV-PG
Children of the Whales,TV-14
Chill with Bob Ross,TV-G
Chillar Party,TV-PG
Chilling Adventures of Sabrina,TV-14
7 años,TV-MA
China Salesman,TV-MA
Chingo Bling: They Can't Deport Us All,TV-MA
Chip and Potato,TV-Y
Chippa,TV-14
Chittagong,NR
Chitty Chitty Bang Bang,G
Chloe,R
Chocolate,TV-14
Chocolate City: Vegas Strip,TV-MA
Choked: Paisa Bolta Hai,TV-14
7 Days Out,TV-PG
Chopsticks,TV-MA
Chosen,TV-14
Chris Brown: Welcome to My Life,TV-MA
Chris D'Elia: Incorrigible,TV-MA
Chris D'Elia: Man on Fire,TV-MA
Chris D'Elia: No Pain,TV-MA
Chris Rock Total Blackout: The Tamborine Extended Cut,TV-MA
Chris Rock: Tamborine,TV-MA
Chris Tucker Live,TV-MA
Christian Mingle,PG
7 Din Mohabbat In,TV-PG
Christiane Amanpour: Sex & Love Around the World,TV-MA
Christina P: Mother Inferior,TV-MA
Christine,R
Christmas Break-In,TV-PG
Christmas Crossfire,TV-MA
Christmas Crush,TV-PG
Christmas in the Heartland,TV-PG
Christmas in the Smokies,TV-G
Christmas Inheritance,TV-G
Christmas Survival,TV-MA
7 Khoon Maaf,TV-MA
Christmas Wedding Planner,PG
Christmas with a Prince,TV-PG
Christmas With A View,TV-PG
Christmas with the Kranks,PG
Christopher Robin,PG
Chronically Metropolitan,TV-MA
Chronicle of an Escape,R
ChuChu TV Nursery Rhymes & Kids Songs (Hindi),TV-Y
ChuChuTV Bedtime Stories & Moral Stories for Kids (English),TV-Y
72 Cutest Animals,TV-PG
ChuChuTV Bedtime Stories & Moral Stories for Kids (Hindi),TV-Y
ChuChuTV Surprise Eggs Learning Videos (English),TV-Y
ChuChuTV Surprise Eggs Learning Videos (Hindi),TV-Y
Chuck Chicken,TV-Y7
Chup Chup Ke,TV-PG
Chupan Chupai,TV-14
Chupke Chupke,TV-PG
Churchill’s Secret Agents: The New Recruits,TV-MA
CIA: Comrade in America,TV-14
Cinar Agaci,TV-14
72 Dangerous Animals: Asia,TV-14
Cinderella and the Four Knights,TV-PG
Cinta 100KG,TV-14
Cinta Iris,TV-PG
Cinta Si Wedding Planner,TV-14
Cinta Teruna Kimchi,TV-PG
Circle,TV-MA
Circus of Books,TV-MA
Cirque du Freak: The Vampire's Assistant,PG-13
Citation,TV-MA
Cities of Last Things,TV-MA
2,215,TV-MA
72 Dangerous Animals: Latin America,TV-14
City in the Sky,TV-PG
City of God,R
City of God: 10 Years Later,TV-MA
City of Joy,TV-MA
City of Tiny Lights,TV-MA
Civilizations,TV-14
Clair Obscur,TV-MA
CLANNAD,TV-PG
Clarence Clemons: Who Do I Think I Am?,TV-MA
Clash of the Titans,PG-13
72 Dangerous Places to Live,TV-PG
Class of '61,TV-PG
Class of '83,TV-14
Class Rank,TV-MA
Classic Legends,TV-PG
Cleo & Cuquin,TV-Y
Cleopatra Jones,PG
Cleverman,TV-MA
Click,PG-13
Click for Murder,TV-14
Clinical,TV-MA
7SEEDS,TV-MA
Clive Davis: The Soundtrack of Our Lives,TV-MA
Close,TV-MA
Close Enemies,TV-MA
Close Your Eyes Before It’s Dark,TV-14
Closed Circuit,R
Cloud Atlas,R
Clouds of Sils Maria,R
Cloudy with a Chance of Meatballs,PG
Cloudy with a Chance of Meatballs 2,PG
Cloverfield,PG-13
9 Months That Made You,TV-PG
Club de Cuervos Presents: The Ballad of Hugo Sánchez,TV-MA
Club Friday The Series 6,TV-MA
Club Friday The Series 7,TV-MA
Club Friday The Series 8,TV-MA
Club Friday To Be Continued - Friend & Enemy,TV-MA
Club Friday To Be Continued - My Beautiful Tomboy,TV-MA
Club Friday To Be Continued - The Promise,TV-MA
Club of Crows,TV-MA
Coach Carter,PG-13
90 ML,TV-MA
Coach Snoop,TV-MA
Cobra Kai,TV-14
Cocaine,TV-14
Cocaine Coast,TV-MA
Coco y Raulito: Carrusel de ternura,TV-MA
Cocomelon,TV-Y
Cocomong,TV-Y
Code 8,TV-MA
Code Geass: Lelouch of the Rebellion,TV-MA
Code Lyoko,TV-Y7
93 Days,TV-PG
Code Name: The Cleaner,PG-13
Coffee & Kareem,TV-MA
Coffee for All,TV-PG
Coffee with D,TV-PG
Coin Heist,TV-14
Cold Case Files,TV-14
Cold Case Files Classic,TV-MA
Cold Feet,TV-14
Cold Harbour,TV-MA
Colin Quinn: Red State Blue State,TV-14
A 2nd Chance,PG
Colin Quinn: The New York Story,TV-MA
Colin Quinn: Unconstitutional,TV-MA
Colkatay Columbus,TV-14
Collateral,TV-MA
College Romance,TV-MA
Colonia,R
Colony,TV-14
Color of Woman,TV-PG
Colours of Passion,TV-14
Come and Find Me,R
A 3 Minute Hug,TV-PG
Come Sunday,TV-14
Comedians in Cars Getting Coffee,TV-14
COMEDIANS of the world,TV-MA
Comedy Bang! Bang!,TV-14
Comedy High School,TV-14
Command and Control,TV-PG
Community,TV-14
Como caído del cielo,TV-14
Company,TV-MA
Compulsion,TV-MA
A Babysitter's Guide to Monster Hunting,TV-PG
Conan Without Borders,TV-14
Concrete Football,TV-MA
Concussion,R
Conjuring Spirit,TV-MA
Connected,TV-14
Conor McGregor: Notorious,R
Consequences,TV-MA
Consequences ,TV-MA
Conspiracy,TV-14
Containment,TV-MA
A Bad Moms Christmas,R
Contract,TV-14
Control Z,TV-MA
Conversations with a Killer: The Ted Bundy Tapes,TV-MA
Convict,TV-14
Cook Off,TV-G
Cooked,TV-14
Cooked with Cannabis,TV-MA
Cooking on High,TV-MA
Cool Hand Luke,TV-14
Cop and a Half: New Recruit,PG
3022,R
A Beautiful Life,TV-14
Cop Car,R
Cop Watchers,TV-MA
Cops and Robbers,PG-13
Coraline,PG
Cosmos Laundromat: First Cycle,TV-MA
Countdown to Death: Pablo Escobar,TV-MA
Counterfeiting in Suburbia,TV-14
Counterpunch,TV-MA
Country Ever After,TV-PG
A Billion Colour Story,TV-14
Couple of Days,TV-14
Couples Counseling,TV-MA
Court Justice,TV-MA
Covered: Alive in Asia,TV-G
Cowspiracy: The Sustainability Secret,TV-PG
Cracked Up: The Darrell Hammond Story,TV-MA
Craig Ferguson: Tickle Fight,TV-MA
Crash,R
Crash Landing on You,TV-14
A Boy Called Po,PG
Crashing,TV-MA
Crazy Awesome Teachers,TV-PG
Crazy Beautiful You,TV-14
Crazy Delicious,TV-PG
Crazy Ex-Girlfriend,TV-MA
Crazy people,TV-MA
Crazyhead,TV-MA
CRD,TV-MA
Creating The Queen's Gambit,TV-14
A Boy Name Flora A,TV-MA
Creators,TV-Y
Creep,R
Creep 2,TV-MA
Creeped Out,TV-PG
Cricket Fever: Mumbai Indians,TV-MA
Crime Diaries: Night Out,TV-MA
Crime Diaries: The Candidate,TV-MA
Crime Time,TV-MA
Criminal Minds,TV-14
Criminal: France,TV-MA
A Bridge Too Far,PG
Criminal: Germany,TV-MA
Criminal: Spain,TV-MA
Criminal: UK,TV-MA
Crip Camp: A Disability Revolution,R
Cristela Alonzo: Lower Classy,TV-MA
Cristina,TV-14
Crossroads: One Two Jaga,TV-14
Cuba and the Cameraman,TV-14
A California Christmas,PG-13
Cuckoo,TV-MA
Cuddle Weather,TV-MA
Cult of Chucky,R
Cultivating the Seas: History and Future of the Full-Cycle Cultured Kindai Tuna,TV-PG
Cupcake & Dino - General Services,TV-Y7
Curon,TV-MA
Cursed,TV-MA
Curtiz,TV-MA
Cut Bank,R
Cutie and the Boxer,R
A Champion Heart,G
Cuties,TV-MA
Cyborg 009 VS Devilman,TV-MA
Cyborg 009: Call of Justice,TV-14
Cycle,TV-PG
D.L. Hughley: Clear,TV-MA
D.L. Hughley: Contrarian,TV-MA
Déjà Vu,TV-14
Dérè: An African Tale,TV-PG
Düğün Dernek,TV-PG
Dügün Dernek 2: Sünnet,TV-MA
A Chaster Marriage,TV-14
Da 5 Bloods,R
Da Kath & Kim Code,TV-PG
Daagdi Chaawl,TV-14
Dabbe 5: Zehr-i Cin,TV-MA
Dabbe 6: The Return,TV-MA
Dabbe: The Possession,TV-MA
Dad,PG
Dad Wanted,TV-14
Dad's Army,TV-PG
Daddy Day Care,PG
A Choo,TV-14
Daddy Issues,TV-MA
Daemonium,NR
Daffedar,TV-14
Dagh Ujala,TV-MA
Dallas Buyers Club,R
Damnation,TV-MA
Dance & Sing with True,TV-Y
Dance Academy,TV-PG
Dance Academy: The Comeback,TV-PG
A Christmas Catch,TV-G
Dance Dreams: Hot Chocolate Nutcracker,TV-G
Dancing Angels,TV-PG
Dancing Queen,TV-14
Dancing Quietly,TV-MA
Dancing with the Birds,TV-PG
Dandy,TV-MA
Dangal,TV-PG
Danger Mouse,TV-Y7
Danger Mouse: Classic Collection,TV-Y
Dangerous Lies,TV-14
1-Oct,TV-14
A Christmas Prince,TV-PG
Dangerous Roads,TV-MA
Daniel Sloss: Live Shows,TV-MA
Daniel Sosa: Maleducado,TV-MA
Daniel Sosa: Sosafado,TV-MA
Danny Says,TV-MA
Dante's Peak,PG-13
Danur: I Can See Ghosts,TV-MA
Dany Boon: Des Hauts De France,TV-MA
Darc,TV-MA
Dare Me,TV-MA
A Christmas Prince: The Royal Baby,TV-PG
Dare to Be Wild,TV-PG
Dark,TV-MA
Dark Chocolate (Bengali Version),TV-MA
Dark Crimes,R
Dark Desire,TV-MA
Dark Forces,TV-MA
Dark Light,TV-MA
Dark Matter,TV-PG
Dark Places,R
Dark Skies,PG-13
A Christmas Prince: The Royal Wedding,TV-PG
Dark Tourist,TV-MA
Dark Waters,TV-14
Darna Mana Hai,TV-MA
Darr Sabko Lagta Hai,TV-MA
Darra,TV-14
DASH & LILY,TV-14
Dating Around,TV-MA
Dating Around: Brazil,TV-14
Daughters of Destiny,TV-14
Daughters of the Dust,NR
A Christmas Special: Miraculous: Tales of Ladybug & Cat Noir,TV-Y7
Dave Chappelle,TV-MA
Dave Chappelle: Equanimity & The Bird Revelation,TV-MA
Dave Chappelle: Sticks & Stones,TV-MA
Dave Chappelle: The Kennedy Center Mark Twain Prize for American Humor,TV-MA
David Attenborough: A Life on Our Planet,PG
David Batra: Elefanten i rummet,TV-MA
David Brent: Life on the Road,TV-MA
David Cross: Making America Great Again!,TV-MA
David Foster: Off the Record,TV-MA
Dawai Asmara,TV-14
A Cinderella Story,PG
Dawn of the Croods,TV-Y7
Dawson's Creek,TV-14
Day and Night,TV-MA
Day of the Dead: Bloodline,R
Daybreak,TV-MA
Days We Stared at the Sun,TV-MA
Dayveon,TV-MA
DC Super Hero Girls,TV-Y7
DC's Legends of Tomorrow,TV-14
De Film van Dylan Haegens,TV-PG
A Cinderella Story: Christmas Wish,PG
De Palma,R
Dead in a Week (Or Your Money Back),TV-MA
Dead Kids,TV-MA
Dead Set,TV-MA
Dead to Me,TV-MA
Deadcon,TV-14
Deadline: Sirf 24 Ghante,TV-14
Deadly Scholars,TV-14
Deadly Switch,TV-PG
Deadwind,TV-MA
A Clockwork Orange,R
Deaf U,TV-MA
Dean,PG-13
Dear Dad,TV-14
Dear Dracula,TV-Y7-FV
Dear Ex,TV-MA
Dear My Friends,TV-MA
Dear Santa,TV-PG
Dear White People,TV-MA
Dear Zindagi,TV-14
Death at a Funeral,R
A Dangerous Woman,R
Death by Magic,TV-PG
Death Can Wait,TV-14
Death House,R
Death Note,TV-MA
Death of Me,R
Death Race: Beyond Anarchy,R
Death to 2020,TV-MA
Deathgrip,TV-MA
Dedemin Fisi,TV-14
Dedh Ishqiya,TV-14
A Fairly Odd Summer,TV-Y7
Deep,PG
Deep Undercover Collection,TV-MA
Deep Water,TV-MA
Deewana Main Deewana,TV-14
Deewangee,TV-MA
Def Comedy Jam 25,TV-MA
Defiance,R
Defying the Nazis: The Sharps' War,TV-14
Degrassi: Next Class,TV-14
Deidra & Laney Rob a Train,TV-14
A Fall from Grace,TV-MA
Delhi 6,TV-14
Delhi Belly,TV-MA
Delhi Crime,TV-MA
Deliha,TV-14
Deliha 2,TV-PG
Delirium,R
DeMarcus Family Rules,TV-14
Demetri Martin: Live (At the Time),TV-MA
Demetri Martin: The Overthinker,TV-MA
Democrats,NR
9-Feb,TV-14
A Family Affair,TV-PG
Demon's Path,TV-14
Demonic,R
Den of Thieves,R
Denis Leary: No Cure For Cancer,R
Dennis and Gnasher Unleashed,TV-Y
Deon Cole: Cole Hearted,TV-MA
DeRay Davis: How to Act Black,TV-MA
Derek,TV-MA
Derren Brown: Miracle,TV-MA
Derren Brown: Sacrifice,TV-MA
A Family Man,R
Derren Brown: The Push,TV-MA
Derry Girls,TV-MA
Designated Survivor,TV-MA
Designated Survivor: 60 Days,TV-14
Desire,TV-MA
Desolate,TV-MA
Desolation,TV-MA
Desperados,TV-MA
Despido Procedente,TV-MA
Despite Everything,TV-MA
A Family Reunion Christmas,TV-PG
Destiny,TV-14
Detention,TV-MA
Detention Letter,TV-14
Detour,R
Deuces,TV-MA
Dev.D,TV-MA
Deviant Love,TV-14
Devil's Bride,TV-MA
Devil's Gate,TV-MA
Devilman Crybaby,TV-MA
A Flying Jatt,TV-14
Devlok with Devdutt Pattanaik,TV-PG
Devrai,TV-PG
Dexter,TV-MA
Dhamaal,TV-14
Dhan Dhana Dhan Goal,TV-14
Dhanak,TV-PG
Dharam Sankat Mein,TV-PG
Dharmakshetra,TV-PG
Dhh,TV-G
Dhia Sofea,TV-14
A Fortunate Man,TV-MA
Dhobi Ghat (Mumbai Diaries),TV-MA
Dhoondte Reh Jaoge,TV-14
Di Renjie zhi Sidatianwang,TV-14
Diablero,TV-MA
Diagnosis,TV-14
Diamond City,TV-MA
Diamond Lover,TV-PG
Diamonds in the Sky,TV-14
Diana: 7 Days That Shook the World,TV-PG
Diana: In Her Own Words,TV-PG
A Futile and Stupid Gesture,TV-MA
Diary of a Chambermaid,NR
Dick Johnson Is Dead,PG-13
Die Another Day,PG-13
Die Ontwaking,TV-MA
Dieter Nuhr: Nuhr in Berlin,TV-MA
Digs & Discoveries: All Track's Lead to Rome,TV-Y
Digs & Discoveries: Mines of Mystery,TV-Y
Dil,TV-14
Dil Chahta Hai,TV-14
Dil Dhadakne Do,TV-MA
A Ghost Story,R
Dil Hai Tumhaara,TV-14
Dil Se,TV-14
Dil Vil Pyaar Vyaar,TV-PG
Dilan 1990,TV-14
Dilan 1991,TV-14
Dilwale,TV-PG
Dinner for Five,TV-MA
Dinner for Schmucks,PG-13
Dino Girl Gauko,TV-Y7
Dino Hunt,TV-G
A Glimpse Inside the Mind of Charles Swan III,R
Dinosaur King,TV-Y7
Dinotrux,TV-Y7
Dinotrux Supercharged,TV-Y7
Dirty John,TV-MA
Dirty Money,TV-MA
Disappearance,TV-MA
Disciples Of The 36th Chamber,TV-14
Disclosure,TV-MA
Disco Dancer,TV-14
Disconnect,TV-MA
A Go! Go! Cory Carson Christmas,TV-Y
Discovering Bigfoot,TV-MA
Disenchantment,TV-14
Disjointed,TV-MA
Dismissed,TV-14
District 9,R
Diva Brides,TV-MA
Divines,TV-MA
DJ Cinderella,TV-PG
Django Unchained,R
DNA,TV-MA
A Go! Go! Cory Carson Halloween,TV-Y
Do Do Sol Sol La La Sol,TV-14
Do Dooni Chaar,TV-PG
Do Paise Ki Dhoop Chaar Aane Ki Baarish,TV-MA
Doctor Foster,TV-MA
Doctor Zhivago,PG-13
Documentary Now!,TV-14
Dog Eat Dog,TV-MA
Dogs,TV-PG
Dogs of Berlin,TV-MA
Dolemite Is My Name,R
22-Jul,R
A Go! Go! Cory Carson Summer Camp,TV-Y
Dollar,TV-MA
Dolly Kitty Aur Woh Chamakte Sitare,TV-MA
Dolly Parton: Here I Am,TV-14
Dolly Parton's Heartstrings,TV-14
Dolly Parton’s Christmas on the Square,TV-PG
Dolphin Kick,TV-PG
Dolphin Tale 2,PG
Domino,R
Don,TV-14
Don 2,TV-14
A Good Wife,TV-14
Don Quixote: The Ingenious Gentleman of La Mancha,TV-14
Don Verdean,PG-13
Don't Be Afraid of the Dark,R
Don't Crack Under Pressure,TV-MA
Don't Crack Under Pressure II,TV-MA
Don't Crack Under Pressure III,TV-14
Don't F**k with Cats: Hunting an Internet Killer,TV-MA
Don't Go Breaking My Heart,TV-PG
Don't Go Breaking My Heart 2,TV-14
Don't Knock Twice,R
A Grand Night In: The Story of Aardman,TV-PG
Don't Look Down,TV-MA
Don't Think Twice,R
Don’t Listen,TV-MA
Donald Glover: Weirdo,TV-MA
Donnie Brasco,R
Doom,R
Doom: Annihilation,R
Doomsday Preppers,TV-14
Door Ke Darshan,TV-14
Dope,TV-MA
A Gray State,TV-MA
Dorasaani,TV-14
Dorohedoro,TV-MA
Dostana,TV-14
Double Dad,TV-G
Double Jeopardy,R
Double World,TV-14
Doubles Cause Troubles,TV-14
Doubt,PG-13
Dovlatov,PG-13
Down The Fence,TV-PG
A Haunted House,R
Down to Earth with Zac Efron,TV-PG
Dr Jason Leong Hashtag Blessed,TV-MA
Dr. Seuss' The Cat in the Hat,PG
Dr. Seuss' The Grinch,PG
Dr. Seuss' The Lorax,PG
Dracula,TV-14
DRAGON PILOT: Hisone & Masotan,TV-14
Dragon Quest Your Story,TV-PG
Dragon Tiger Gate,TV-14
Dragon's Dogma,TV-MA
A Haunting at Silver Falls: The Return,TV-14
Dragonheart,PG-13
Dragonheart 3: The Sorcerer,PG-13
Dragonheart: A New Beginning,PG
Dragonheart: Battle for the Heartfire,PG-13
Dragonheart: Vengeance,PG-13
Dragonkala Ka Rahasya,TV-Y
Dragons: Dawn of the Dragon Racers,TV-PG
Dragons: Race to the Edge,TV-Y7
Dragons: Rescue Riders,TV-Y
Dragons: Rescue Riders: Hunt for the Golden Dragon,TV-Y
A Heavy Heart,TV-MA
Dragons: Rescue Riders: Huttsgalor Holiday,TV-Y
Dragons: Rescue Riders: Secrets of the Songwing,TV-Y
Dramaworld,TV-14
Dream Big: Engineering Our World,TV-G
Dream Boat,TV-MA
Dream Home Makeover,TV-G
Dream/Killer,TV-MA
DreamWorks Happy Holidays from Madagascar,TV-PG
DreamWorks Holiday Classics,TV-PG
DreamWorks Home: For the Holidays,TV-Y
A Holiday Engagement,TV-G
DreamWorks How to Train Your Dragon Legends,TV-PG
DreamWorks Kung Fu Panda Awesome Secrets,TV-PG
DreamWorks Shrek's Swamp Stories,TV-PG
DreamWorks Spooky Stories,TV-PG
DreamWorks Spooky Stories: Volume 2,TV-PG
Dries,TV-PG
DRIFTING DRAGONS,TV-14
Drink Drank Drunk,TV-MA
Drishyam,TV-14
Drive,TV-14
A Home with A View,TV-MA
Driven to Dance,TV-PG
Droppin' Cash: Los Angeles,TV-MA
Drug Lords,TV-MA
Drug Squad: Costa del Sol,TV-MA
Drunk Parents,R
Dry Martina,TV-MA
DTC Yukemuri Junjo Hen From High & Low,TV-PG
Duck Butter,TV-MA
Duck Duck Goose,PG
A House of Blocks,TV-PG
Dude,TV-MA
Dueños del paraíso,TV-14
Dukhtar,TV-14
Dum,TV-14
Dumb and Dumberer: When Harry Met Lloyd,PG-13
Dumplin',PG-13
Duniya,TV-14
Duplicate,TV-14
Durarara!!,TV-MA
Dushman,TV-14
15-Aug,TV-14
A Kid from Coney Island,TV-MA
Dying to Tell,TV-MA
Dynasty,TV-14
E-Cigarettes: Miracle or Menace?,TV-14
E-Team,TV-MA
Earth and Blood,TV-MA
Earth to Echo,PG
Earth to Luna!,TV-Y
Earth's Natural Wonders,TV-PG
Earth's Natural Wonders: Life at the Extremes,TV-14
Earthquake Bird,R
A Kind of Murder,R
East Side Sushi,PG
Eastsiders,TV-MA
Easy,TV-MA
Easy A,PG-13
Easy Fortune Happy Life,TV-MA
Eat Pray Love,PG-13
Echcharikkai,TV-14
Echo in the Canyon,PG-13
Eddie - Strongman,TV-MA
Eddie Murphy: Delirious,TV-MA
A Korean Odyssey,TV-MA
Eddie Murphy: Raw,R
Edgar Rice Burroughs' Tarzan and Jane,TV-Y7
Edge of Fear,TV-MA
Edge of Seventeen,TV-MA
Edge of the Universe,TV-G
Edha,TV-MA
Edoardo Ferrario: Temi Caldi,TV-MA
Ee Nagaraniki Emaindi,TV-14
Eeda,TV-14
A Land Imagined,TV-MA
Eerie,TV-14
Effie Gray,PG-13
Eggnoid: Love & Time Portal,TV-14
Eh Janam Tumhare Lekhe,TV-14
Einsatzgruppen: The Nazi Death Squads,TV-MA
Either Me Or My Auntie,TV-PG
Ek Cup Chya,TV-PG
Ek Hasina Thi,TV-MA
Ek Jaan Hain Hum,TV-14
Ek Khiladi Ek Haseena,TV-14
A Leaf of Faith,TV-MA
Ek Ladki Ko Dekha Toh Aisa Laga,TV-14
Ek Main Aur Ekk Tu,TV-14
Ekşi Elmalar,TV-PG
El último testigo,R
El Barco,NR
El Camino Christmas,TV-MA
El Camino: A Breaking Bad Movie,TV-MA
El Cartel,TV-MA
El Cartel 2,TV-MA
El Chapo,TV-MA
A Life of Speed: The Juan Manuel Fangio Story,TV-14
El Chavo,TV-PG
El Che,TV-14
El Clon,TV-14
El club de los buenos infieles,TV-MA
El club de los insomnes,TV-MA
El desconocido,TV-MA
El Dragón: Return of a Warrior,TV-MA
El fin de ETA,TV-14
El límite infinito,TV-PG
A Lion in the House,TV-14
El Marginal,TV-MA
El Potro: Unstoppable,TV-MA
El Reemplazante,TV-MA
El señor de los Cielos,TV-MA
El sendero de la anaconda,TV-14
El silencio es bienvenido,TV-14
El testigo,TV-14
El Vato,TV-MA
El Viaje: Márama y Rombai,TV-PG
A Little Chaos,R
El-Khawaga's Dilemma,TV-14
Elaan,TV-14
Elena,TV-14
Elephants Dream 4 Hour,TV-MA
Elevator Baby,TV-MA
Elf Pets: A Fox Cub’s Christmas Tale,TV-Y
Elf Pets: Santa’s Reindeer Rescue,TV-Y
Eli,TV-MA
Elisa & Marcela,TV-MA
Elite,TV-MA
A Little Help with Carol Burnett,TV-G
Elizabeth at 90: A Family Tribute,TV-G
Elizabeth Harvest,R
Ellen DeGeneres: Relatable,TV-MA
Elles étaient en guerre (1914-1918),TV-14
Elles étaient en guerre 1939-1945,TV-MA
Elles ont toutes une histoire,TV-PG
Elliot the Littlest Reindeer,PG
Elstree 1976,TV-PG
Emelie,TV-MA
EMI: Liya Hai To Chukana Padega,TV-14
A Little Thing Called First Love,TV-G
Emicida: AmarElo - It’s All For Yesterday,TV-MA
Emily in Paris,TV-MA
Emily's Wonder Lab,TV-Y
Emma' (Mother),TV-PG
Emo the Musical,TV-MA
Emogenius,TV-PG
Empire Games,TV-14
Empire of Scents,TV-14
Employee of the Month,PG-13
Encerrados,TV-MA
7:19,TV-MA
A Love So Beautiful,TV-PG
Encounter: The Killing,TV-14
Encounters with Evil,TV-14
End Game,TV-PG
End of Watch,R
Enemigo íntimo,TV-MA
Enemy,R
Engineering Girls,TV-MA
English Babu Desi Mem,TV-14
Enissa Amani: Ehrenwort,TV-MA
Enlighten Us,TV-14
A Love Song for Latasha,TV-PG
Enola Holmes,PG-13
Entangled,TV-14
Entanglement,TV-MA
Enter the Anime,TV-MA
Enter the Dragon,R
Enter the Warriors Gate,PG-13
Episodes,TV-MA
Equals,PG-13
Equestria Girls: Tales of Canterlot High,TV-Y7
Equilibrium,R
A Love Story,TV-14
Equinox,TV-MA
Erased,TV-14
Eric Andre: Legalize Everything,TV-MA
Eric ldle's What About Dick?,TV-MA
Errementari: The Blacksmith and the Devil,TV-MA
Escape from Mr. Lemoncello’s Library,TV-Y
Escape from the Liberty Cinema,TV-MA
Escaping Tel Aviv,TV-14
Especial 20 años Fútbol de Primera,TV-14
Esperando La Carroza,NR
A Man Called God,TV-14
Estar o no estar,TV-14
Eternal Love,TV-14
Ethirmarai,TV-14
Ethos,TV-MA
Eugenie Nights,TV-14
Euphoria,R
Eurovision Song Contest,TV-PG
Eurovision Song Contest: The Story of Fire Saga,PG-13
Evan Almighty,PG
EVANGELION: DEATH (TRUE)²,TV-MA
A Mighty Team,TV-MA
Eve's Apple,TV-MA
Evelyn,TV-MA
Even the Rain,TV-MA
Evening Shadows,TV-PG
Event Horizon,R
Ever After High,TV-Y7
Every Time I Die,TV-MA
Everybody Knows,R
Everyday I Love You,TV-14
Everyday Miracles,TV-PG
A Mission in an Old Movie,TV-MA
Everything About Her,TV-MA
Everything Sucks!,TV-14
Evil,TV-14
Evil Genius,TV-MA
Evolution,PG-13
Evvarikee Cheppoddu,TV-14
Ex Machina,R
Ex-Boyfriend,TV-14
Examination of Conscience,TV-MA
Exclusive Edition,TV-14
A Monster Calls,PG-13
Executive Decision,R
Exes Baggage,TV-MA
Exhibit A,TV-MA
Exit Afghanistan,TV-MA
Exit Strategy,NR
Exit Wounds,R
Expedition China,TV-G
Expedition Happiness,TV-PG
Expelled from Paradise,TV-MA
Explained,TV-MA
A Most Violent Year,R
Expo,TV-14
Extinction,TV-MA
Extraction,R
Extracurricular,TV-MA
Extras,TV-MA
Extreme Engagement,TV-MA
Extremis,TV-PG
Eye For An Eye,TV-MA
Eyyvah Eyyvah,TV-MA
A Murder in the Park,PG-13
Eyyvah Eyyvah 2,TV-PG
Eyyvah Eyyvah 3,TV-PG
Ezel,TV-14
F is for Family,TV-MA
F the Prom,TV-MA
F.R.E.D.I.,TV-PG
Fabrizio Copano: Solo pienso en mi,TV-MA
Fabulous Lives of Bollywood Wives,TV-MA
Face 2 Face,TV-MA
A new Capitalism,TV-14
Fadily Camara : La plus drôle de tes copines,TV-MA
Fairy Tail,TV-MA
Fake or Fortune?,TV-G
Fakkah Fuzz: Almost Banned,TV-MA
Fakta Ladh Mhana,TV-14
Fall Girls,TV-14
Fall in Love with Me,TV-14
Fallen,R
Fallet,TV-MA
A New York Christmas Wedding,TV-MA
Falling Inn Love,TV-PG
Falsa identidad,TV-MA
Falz Experience,TV-MA
Familiar Wife,TV-MA
Familiye,TV-MA
Family Blood,TV-MA
Family Business,TV-MA
Family Reunion,TV-PG
Famous in Ahmedabad,TV-14
Fan of Amoory,TV-G
A Night at the Roxbury,PG-13
Fanatic,TV-14
Fanatyk,TV-MA
Fandry,NR
Fangbone,TV-Y7
Fantastica,TV-PG
Faraar,TV-14
Farce,TV-MA
Fartsa,TV-14
Fary : Hexagone,TV-MA
Fary Is the New Black,TV-MA
A Noble Intention,TV-MA
Fashion,TV-MA
Fast & Furious Spy Racers,TV-Y7
Fastest Car,TV-MA
Fat Ballerina - David A. Arnold,TV-MA
Fatal Affair,TV-14
Fatal Destiny,TV-MA
Fate/Apocrypha,TV-MA
Fate/EXTRA Last Encore,TV-MA
Fate/Grand Order -First Order-,TV-14
Fate/stay night: Unlimited Blade Works,TV-14
A Patch of Fog,TV-MA
Fate/Zero,TV-MA
Father Brown,TV-14
Father of the Year,TV-MA
Father Soldier Son,R
Fatso,TV-14
Fauda,TV-MA
Fear and Loathing in Las Vegas,R
Fear City: New York vs The Mafia,TV-MA
Fear Files... Har Mod Pe Darr,TV-MA
Fearless,TV-Y7
A Perfect Crime,TV-14
Feel Good,TV-MA
Feel Rich,TV-MA
Feel the Beat,TV-G
Felipe Esparza: Bad Decisions,TV-MA
Felipe Esparza: They're Not Going to Laugh at You,TV-MA
Felipe Neto: My Life Makes No Sense,TV-MA
Felix Lobrecht: Hype,TV-MA
Feminists: What Were They Thinking?,TV-MA
Feo pero sabroso,TV-MA
Fernando Sanjiao: Hombre,TV-MA
A Perfect Ending,TV-MA
Ferrari Ki Sawaari,TV-PG
Ferris Bueller's Day Off,PG-13
Fida,TV-14
Fiddler on the Roof,G
Fierce,TV-MA
Fifty,NR
Fifty Year Old Teenager,TV-14
Fifty: The Series,TV-14
Figaro Pho,TV-Y7
FIGHTWORLD,TV-MA
A Perfect Man,R
Figures of Speech,TV-PG
Filinta,TV-14
Filmworker,TV-MA
Filosofi Kopi The Movie,TV-PG
Final Destination,R
Final Destination 2,R
Final Destination 3,R
FINAL FANTASY XIV Dad of Light,TV-PG
Finally Found Someone,TV-14
Find Yourself,TV-14
A Plastic Ocean,TV-14
Finding Agnes,TV-PG
Fire at Sea,TV-14
Fire Chasers,TV-MA
Fire in Paradise,TV-MA
Fire in the Blood,TV-14
Firebrand,TV-MA
Fireflies,TV-MA
Fireman Sam,TV-Y
Fireplace 4K: Classic Crackling Fireplace from Fireplace for Your Home,TV-G
Fireplace 4K: Crackling Birchwood from Fireplace for Your Home,TV-G
A Princess for Christmas,TV-PG
Fireworks,TV-PG
First and Last,TV-MA
First Impression,TV-14
First Kill,R
First Kiss,TV-14
First Love,TV-MA
First Match,TV-MA
First Team: Juventus,TV-PG
First They Killed My Father,TV-MA
FirstBorn,TV-MA
A Queen Is Born,TV-14
Fisherman's Friends,PG-13
Fishpeople,TV-14
Fishtail,NR
Fishtronaut: The Movie,TV-Y
Fit for Fashion,TV-14
Fitoor,TV-14
Fittest in Dubai,TV-14
Five Came Back,TV-MA
Five Elements Ninjas,R
Five Nights in Maine,TV-MA
A Remarkable Tale,TV-MA
Fix It and Finish It,TV-G
Fiza,TV-14
Flaked,TV-MA
Flash of Genius,PG-13
Flavorful Origins,TV-G
Flavors of Youth: International Version,TV-PG
Flimflam,TV-14
Flinch,TV-PG
Flint Town,TV-MA
Flock of Four,TV-MA
A Russell Peters Christmas,NR
Floor Is Lava,TV-PG
Flowering Heart,TV-Y7
Flowers,TV-MA
Flying Guillotine 2,TV-MA
Follow Me,TV-MA
Follow This,TV-MA
Followers,TV-MA
Food on the Go,TV-MA
Food Wars!: Shokugeki no Soma,TV-MA
Food: Delicious Science,TV-PG
A Scandall,TV-MA
Footprints in the Sand,TV-14
Footprints: The Path of Your Life,PG
For Colored Girls,R
For Grace,TV-PG
For Greater Glory,R
For Here or to Go?,TV-MA
For Love or Money,TV-MA
For the Birds,TV-MA
For the Broken Hearted,TV-14
For the Love of Benji,G
A Second Chance,TV-MA
For the Love of Spock,TV-14
For the Win,TV-14
For Your Own Good,TV-MA
Forbidden Games: The Justin Fashanu Story,TV-14
Forbidden Planet,G
Force 2,TV-14
Forces of Nature,TV-PG
Forensic,TV-14
Forensic Files,TV-MA
Forest of Piano,TV-14
A Secret Love,TV-14
Forever Chape,TV-MA
Forever Pure,TV-MA
Forged in Fire,TV-14
Forget Me Not,TV-MA
Forgive Us Our Debts,TV-MA
Forgotten,TV-MA
Forks Over Knives,PG
Formula 1: Drive to Survive,TV-MA
Fortune Feimster: Sweet & Salty,TV-MA
Four Christmases,PG-13
A Separation,PG-13
Four Seasons in Havana,TV-MA
Four Sisters and a Wedding,TV-14
Four Weddings and a Funeral,R
Fracture,R
Fractured,TV-MA
Franca: Chaos and Creation,TV-MA
Frances Ha,R
Francesco De Carlo: Cose di Questo Mondo,TV-MA
Franco Escamilla: Bienvenido al mundo,TV-MA
Franco Escamilla: Por la anécdota,TV-MA
A Series of Unfortunate Events,TV-PG
Frank & Lola,TV-MA
Frank and Cindy,TV-MA
Frank Elstner: Just One Last Question,TV-MA
Frasier,TV-PG
Frat Star,TV-MA
Freak Show,TV-MA
Freaks,R
Freaks – You're One of Us,TV-MA
Fred Armisen: Standup For Drummers,TV-PG
A Serious Man,R
Fred Claus,PG
Free Fire,R
Free Rein,TV-G
Free Rein: The Twelve Neighs of Christmas,TV-G
Free Rein: Valentine's Day,TV-G
Free State of Jones,R
Free Willy,PG
Freedom at Midnight,TV-MA
Freej Al Taibeen,TV-PG
Freeway: Crack in the System,R
A Shaun the Sheep Movie: Farmageddon,G
Freezer's Campaign,TV-MA
French Dirty,TV-MA
French Toast,TV-PG
Frequency,TV-14
Freshman Year,TV-PG
Freud,TV-MA
Friday Night Tykes,TV-PG
Friday the 13th,R
Friend Request,R
Friends,TV-14
A Silent Voice,TV-14
Friends from College,TV-MA
Friendship,TV-14
From A to B,TV-MA
From Dusk Till Dawn,TV-MA
From Japan to Egypt,TV-14
From One Second to the Next,TV-14
From Paris with Love,R
Froning: The Fittest Man in History,PG
Fronteras,TV-MA
Frontier,TV-MA
A Single Man,R
Frozen Planet,TV-PG
Frozen Planet: On Thin Ice,TV-PG
Frozen Planet: The Epic Journey,TV-PG
Frozen River,R
Fruitvale Station,R
Fugitiva,TV-MA
Fukrey,TV-14
Fukrey Boyzzz,TV-Y
Fukrey Boyzzz: Space Mein Fukrapanti,TV-Y7
Full Count,TV-PG
A Sort of Family,TV-14
Full Out,TV-PG
Full Out 2: You Got This!,TV-Y
Fuller House,TV-PG
FullMetal Alchemist,TV-PG
Fullmetal Alchemist: Brotherhood,TV-14
Fun Mom Dinner,R
Funan,TV-14
Functional Fitness,TV-MA
Funny Boy,TV-MA
Furie,TV-MA
A Sort of Homecoming,TV-PG
Furthest Witness,TV-MA
Futmalls.com,TV-14
FYRE: The Greatest Party That Never Happened,TV-MA
G-Force,PG
G.O.R.A,TV-MA
Görümce,TV-MA
Gabbar Is Back,TV-14
Gabby's Dollhouse,TV-Y
Gabriel Fluffy Iglesias: One Show Fits All,TV-14
A Stoning in Fulham County,TV-14
Gabriel and the Mountain,TV-MA
Gabriel lglesias: I’m Sorry For What I Said When I Was Hungry,TV-14
Gabru: Hip Hop Revolution,TV-14
Gad Elmaleh: American Dream,TV-14
Gad Gone Wild,TV-MA
Gaddar: the Traitor,TV-14
Gaga: Five Foot Two,TV-MA
Gagarin: First in Space,TV-14
Galavant,TV-PG
Galih dan Ratna,TV-PG
A StoryBots Christmas,TV-Y
Game,TV-14
GAME ON: A Comedy Crossover Event,TV-G
Game Over,TV-14
Game Over (Hindi Version),TV-MA
Game Over (Tamil Version),TV-MA
Game Over (Telugu Version),TV-MA
Game Winning Hit,TV-MA
Gameboys Level-Up Edition,TV-14
Gang of the Caribbean,TV-MA
A Sun,TV-MA
Gangaajal,TV-MA
Gangs of Hassepur,TV-PG
Gangs of New York,R
GANTZ:O,TV-MA
Garbage,TV-MA
Gardeners of Eden,TV-14
Garfield Gets Real,TV-Y
Garfield's Fun Fest,TV-Y7
Garfield's Pet Force,G
Garfunkel and Oates: Trying to be Special,TV-MA
A Taiwanese Tale of Two Cities,TV-MA
Gargantia on the Verdurous Planet,
Garth Brooks: The Road I’m On,TV-PG
Garuda Di Dadaku,TV-PG
Garuda in My Heart 2,TV-PG
Gatao 2: Rise of the King,TV-MA
Gbomo Gbomo Express,TV-MA
Gehenna: Where Death Lives,TV-MA
Gelo,TV-MA
Gemini,TV-PG
GEN HOSHINO STADIUM TOUR “POP VIRUS”,TV-14
A Tale of Love and Darkness,PG-13
Gender Revolution: A Journey with Katie Couric,TV-PG
Generation Iron 2,PG-13
Generation Iron 3,TV-MA
Genius,TV-14
Genius of the Ancient World,TV-PG
Genius of the Modern World,TV-PG
Gentefied,TV-MA
Gentlemen and Gangsters,TV-MA
George Lopez: We'll Do It For Half,TV-MA
George of the Jungle 2,PG
A Tale of Two Kitchens,TV-PG
Gerald's Game,TV-MA
Geronimo Stilton,TV-Y
Get Even,TV-PG
Get Him to the Greek,R
Get In,TV-MA
Get Me Roger Stone,TV-MA
Get Organized with The Home Edit,TV-PG
Get Santa,PG
Get Shorty,TV-MA
Get Smart,PG-13
A Thin Line Between Love & Hate,R
Getaway Plan,TV-MA
Getting Played,PG-13
Ghadi,TV-MA
Ghanchakkar,TV-MA
Ghayal,TV-14
Ghost House,TV-MA
Ghost in the Shell: SAC_2045,TV-14
Ghost of the Mountains,G
Ghost Pain,TV-MA
Ghost Patrol,TV-Y7
Mayurakshi,TV-14
A Thousand Goodnights,TV-14
Ghost Rider,PG-13
Ghost Stories,TV-MA
Ghost Tears,TV-MA
Ghost Town Gold,TV-14
Ghost Whispers,TV-14
Ghosts of Sugar Land,TV-MA
Ghosts of War,R
GHOUL,TV-MA
Ghulam-E-Musthafa,TV-MA
Gie,TV-14
A Thousand Words,PG-13
Gigantosaurus,TV-Y
Gigi,G
Gilmore Girls,TV-14
Gilmore Girls: A Year in the Life,TV-14
Gimme Shelter,PG-13
GIMS: On the Record,TV-MA
Gina Yashere: Laughing to America,TV-MA
Gina Yashere: Skinny B*tch,TV-MA
Ginger & Rosa,PG-13
Ginny Weds Sunny,TV-MA
A Touch of Green,TV-MA
Giri / Haji,TV-MA
Girl,R
Girl from Nowhere,TV-MA
Girl on the Third Floor,TV-MA
Girl's Revenge,TV-MA
Girlboss,TV-MA
Girlfriend's Day,TV-MA
Girlfriends,TV-14
Girlfriends' Guide to Divorce,TV-MA
A Trash Truck Christmas,TV-Y
Girls Hostel,TV-MA
Girls Incarcerated,TV-MA
Girls und Panzer,TV-PG
Girls und Panzer der Film,TV-MA
Girls With Balls,TV-MA
Giving Voice,PG-13
Glee,TV-14
Glitch,TV-MA
Glitch Techs,TV-Y7
Glitter Force,TV-Y7
A Trip to Jamaica,TV-MA
Glitter Force Doki Doki,TV-Y7
GLOW,TV-MA
Glow Up,TV-14
GLOW: The Story of the Gorgeous Ladies of Wrestling,NR
Glowing Embers,TV-14
Gnome Alone,PG
Go Karts,TV-PG
Go! Go! Cory Carson,TV-Y
Go! Go! Cory Carson: The Chrissy,TV-Y
Go! Live Your Way,TV-PG
A truthful Mother,TV-Y7
GO! The Unforgettable Party,TV-PG
God Bless the Broken Road,PG
God Eater,TV-14
God Knows Where I Am,TV-PG
God of War,NR
God's Not Dead,PG
God's Not Dead: A Light in Darkness,PG
God's Own Country,TV-MA
Godless,TV-MA
Godzilla,TV-14
A Twelve Year Night,TV-MA
GODZILLA City on the Edge of Battle,TV-14
GODZILLA The Planet Eater,TV-PG
Goedam,TV-MA
Going for Gold,TV-G
Gol Maal,TV-PG
Golden Time,TV-Y
GoldenEye,PG-13
Goldie,TV-MA
Goldie & Bear,TV-Y
Goldstone,R
A Very Country Christmas,TV-G
Gollu Aur Pappu,TV-14
Golmaal Returns,TV-MA
Golmaal: Fun Unlimited,TV-14
Gomorrah,TV-MA
Gone are the Days,R
Gonul,TV-14
Good and Prosperous,TV-14
Good Burger,PG
Good Game: The Beginning,TV-14
Good Girls,TV-MA
A Very Murray Christmas,TV-14
Good Hair,PG-13
Good Kids,R
Good Kill,R
Good Kisser,TV-MA
Good Luck,TV-MA
Good Luck Chuck,UR
Good Morning Call,TV-14
Good People,R
A Very Secret Service,TV-MA
Good Sam,TV-PG
Good Time,R
Good Witch,TV-PG
Goodbye My Wife,TV-14
GoodFellas,R
Goodnight DJ 1,TV-14
Gook,TV-MA
Goon,R
Goon: Last of the Enforcers,R
Goosebumps,TV-G
SAINT SEIYA: Knights of the Zodiac,TV-14
A Very Special Love,TV-G
Goosebumps 2: Haunted Halloween,PG
Gori Tere Pyaar Mein,TV-14
Gormiti,TV-Y
Gosford Park,R
Gossip Girl,TV-14
Gotham,TV-MA
Gothika,R
Gour Hari Dastaan: The Freedom File,TV-14
Goyo: The Boy General,TV-MA
Grace and Frankie,TV-MA
A Walk to Remember,PG
Graceful Friends,TV-MA
Gran Torino,R
GRANBLUE FANTASY the Animation,TV-PG
Grand Army,TV-MA
Grand Designs,TV-14
Grand Hotel,TV-PG
Grand Masti,TV-MA
Grand-Daddy Day Care,PG-13
Grandmaster,TV-14
Grandmother's Farm,TV-14
A Wednesday,TV-MA
Grandmother's Farm Part 2,TV-14
Grass,TV-MA
Grass Is Greener,TV-MA
Grease,PG
Great Interior Design Challenge,TV-PG
Great News,TV-14
Great Pretender,TV-MA
Great Yellowstone Thaw,TV-PG
Greater,PG
Greatest Events of WWII in Colour,TV-14
A Week in Watts,TV-14
Green Door,TV-MA
Green Eggs and Ham,TV-Y7
Green Frontier,TV-MA
Green Room,R
Green White Green (And All the Beautiful Colours in My Mosaic of Madness),TV-MA
Greenhouse Academy,TV-PG
Greenleaf,TV-14
Greg Davies: You Magnificent Beast,TV-MA
Grego Rossello: Disculpe las molestias,TV-MA
Grey's Anatomy,TV-14
A Whisker Away,TV-PG
Gridlocked,R
Grillo vs Grillo,TV-MA
Gringo: The Dangerous Life of John McAfee,TV-MA
Grizzlies,R
Grizzy et les Lemmings,TV-Y
Growing Up Coy,TV-PG
Growing Up Wild,G
Guatemala: Heart of the Mayan World,TV-G
Guest House,R
Guillermo Vilas: Settling the Score,TV-14
A Witches' Ball,PG
Guilty,TV-MA
Gumrah,TV-14
Gun City,TV-MA
Gun Runners,TV-PG
Guna 369,TV-MA
Gunjan Saxena: The Kargil Girl,TV-14
Gunslinger Girl,TV-14
Gurgaon,TV-14
Gurren Lagann,TV-14
Guru,TV-PG
A Wrinkle in Time,PG
Guru Aur Bhole,TV-Y7
Guy Martin: Last Flight of the Vulcan Bomber,TV-G
Guzaarish,TV-14
Gypsy,TV-MA
H,TV-MA
Héroes,TV-MA
Hükümet Kadin,TV-MA
Hükümet Kadin 2,TV-14
H2O: Just Add Water,TV-PG
H2O: Mermaid Adventures,TV-Y7
A Year In Space,TV-PG
Ha Unlimited,TV-MA
Haani,TV-14
Haapus,TV-14
Habibie & Ainun,TV-14
Hache,TV-MA
Hadi İnşallah,TV-14
Haider,TV-MA
Haikyu!!,TV-14
Hairspray,PG
A Yellow Bird,TV-MA
Hajwala 2: Mysterious Mission,TV-14
Hajwala: The Missing Engine,TV-PG
Hakkunde,TV-14
Half & Half,TV-14
Half Girlfriend,TV-14
Halkaa,TV-14
HALO Legends,PG-13
Halo: The Fall of Reach,TV-14
Halt and Catch Fire,TV-14
Hamara Dil Aapke Paas Hai,TV-14
A Young Doctor's Notebook and Other Stories,TV-MA
Hamburger Hill,R
Hamid,TV-MA
Hamza's Suitcase,TV-14
Handsome Devil,TV-MA
Handsome Siblings,TV-14
Handsome: A Netflix Mystery Movie,TV-MA
Hangar 1: The UFO Files,TV-PG
Hangman,R
Hank: Five Years from the Brink,TV-14
Hannah Gadsby: Douglas,TV-MA
A.D. Kingdom and Empire,TV-14
Hannah Gadsby: Nanette,TV-MA
Hannibal,TV-MA
Hannibal Buress: Comedy Camisado,TV-MA
Hans Teeuwen: Real Rancour,TV-MA
Hans Zimmer: Live in Prague,TV-G
Hantu Kak Limah,TV-PG
Hap and Leonard,TV-MA
Happy 300 Days,TV-14
Happy And,TV-14
Happy Anniversary,TV-MA
A.I.C.O.,TV-14
Happy as Lazzaro,PG-13
Happy Go Lucky,TV-14
Happy Hunting,TV-MA
Happy Jail,TV-MA
Happy New Year,TV-14
Happy Old Year,TV-MA
Happy Times,NR
Happy Valley,TV-MA
Happy!,TV-MA
Happyish,TV-MA
A.M.I.,TV-MA
Har Kisse Ke Hisse: Kaamyaab,TV-14
Haraamkhor,TV-14
Hard Kill,R
Hard Lessons,TV-14
Hard Tide,TV-MA
Hardcore Henry,R
Hardy Bucks,TV-MA
Hari Kondabolu: Warn Your Relatives,TV-MA
Harishchandrachi Factory,TV-PG
Harith Iskander: I Told You So,TV-14
A.X.L.,PG
Harlem Globetrotters: The Team That Changed the World,TV-14
Harold & Kumar Escape from Guantanamo Bay,R
Harold & Kumar Go to White Castle,R
Harold and Lillian: A Hollywood Love Story,TV-14
Harold Shipman - Driven to Kill,TV-14
Harriet the Spy: Blog Wars,TV-G
Harry & Bunnie,TV-Y7
Harry and Snowman,TV-PG
Harry Benson: Shoot First,NR
Hart of Dixie,TV-PG
Aşk Tesadüfleri Sever,TV-MA
Harud,TV-MA
Harvey Street Kids,TV-Y7
Hasan Minhaj: Homecoming King,TV-MA
Hasee Toh Phasee,TV-14
Haseena Maan Jaayegi,TV-PG
Hashoter Hatov,TV-MA
Hasmukh,TV-MA
Hasta los dientes,TV-MA
Hatchimals | Adventures in Hatchtopia,TV-Y
Haters Back Off,TV-PG
Aadu 2,TV-MA
Hati Perempuan,TV-14
Hattrick,TV-14
Haunted,TV-MA
Haunted House,TV-G
Haunters: The Art of the Scare,TV-MA
Haunting on Fraternity Row,TV-MA
Have a Good Trip: Adventures in Psychedelics,TV-MA
Have You Seen the Listers?,TV-MA
Haven,TV-14
Aagey Se Right,TV-14
Havenhurst,TV-MA
Hawaizaada,TV-14
Hayat Öpücügü,TV-14
Haywire,R
Hazaaron Khwaishein Aisi,TV-MA
Hazel Brugger: Tropical,TV-MA
He Even Has Your Eyes,TV-MA
He Named Me Malala,PG-13
He Never Died,R
He's Out There,R
Aajcha Divas Majha,TV-PG
Head Count,TV-MA
Head On,TV-MA
Headshot,TV-MA
Headspace Guide to Meditation,TV-G
Headwinds,TV-MA
Heal,TV-14
Heart & Soul,TV-14
Heartbreak High,TV-14
Heartbreakers,PG-13
Heartland,TV-14
Aakhri Adaalat,TV-14
Heartthrob,TV-MA
Heaven Without People,TV-MA
Heaven's Garden,TV-MA
Heavy Rescue: 401,TV-MA
Hedgehogs,PG
Heidi,TV-Y7
Helios,TV-14
Helix,TV-MA
Hell and Back,R
Aalorukkam,TV-PG
Hell on Wheels,TV-14
Hell or High Water,R
Hellboy,PG-13
Hello Brother,TV-14
Hello Ninja,TV-Y
Hemlock Grove,TV-MA
Heneral Luna,R
Aamir,TV-14
Henry Danger,TV-G
Her,R
Her Mother's Killer,TV-MA
Her Only Choice,TV-14
Hera Pheri,TV-14
Here Alone,TV-MA
Here to Heart,TV-14
Heritages,TV-14
Hero,TV-MA
HERO MASK,TV-14
Aapla Manus,TV-14
Heroes Wanted,TV-MA
Heroin(e),TV-14
Heroine,TV-MA
Herrens veje,TV-MA
Hey Arnold! The Jungle Movie,TV-PG
Hi Score Girl,TV-14
Hibana: Spark,TV-MA
Hickok,TV-MA
Hidden in Plain Sight,TV-14
Aarakshan,TV-14
Hidden Singer,TV-Y7
Hidden Worlds,TV-14
Hide & Seek,TV-14
Hide and Seek,TV-14
High & Low The Movie,TV-MA
High & Low The Movie 2 / End of Sky,TV-MA
High & Low The Movie 3 / Final Mission,TV-MA
High & Low The Red Rain,TV-MA
High & Low The Worst,TV-MA
High End Yaariyan,TV-14
Aashayein,TV-14
High Flying Bird,TV-MA
High Risk,TV-PG
High Score,TV-14
High Seas,TV-MA
High Society,TV-MA
High Strung Free Dance,TV-14
Highland: Thailand's Marijuana Awakening,TV-MA
Highly Strung,TV-14
Highway,TV-14
Highway Thru Hell,TV-PG
Aashik Awara,TV-14
Highway to Heaven,TV-PG
Hikaru Utada Laughter in the Dark Tour 2018,TV-PG
Hilda,TV-Y7
Hillbilly Elegy,R
Himmatwala,TV-14
Hinterland,TV-14
Hip-Hop Evolution,TV-MA
Hiroshima: The Real History,TV-PG
His House,TV-14
Hisss,TV-MA
Aata Pita,TV-14
Historia de un clan,TV-MA
Historical Roasts,TV-MA
History 101,TV-14
History of Joy,TV-14
History of Swear Words,TV-MA
History's Greatest Hoaxes,TV-PG
Hit & Run,R
Hitch,PG-13
Hitler - A Career,TV-MA
Hitler's Circle of Evil,TV-14
Aaviri,TV-14
Hitler's Olympics,TV-PG
Hitler's Steel Beast,TV-14
Ho Mann Jahaan,TV-PG
Hoarders,TV-PG
Hoff the Record,TV-MA
Hogie the Globehopper,TV-Y
Hokkabaz,TV-MA
Hold the Dark,TV-MA
Holding the Man,TV-MA
Abby Hatcher,TV-Y
Hole in the Wall,TV-MA
Holidate,TV-MA
Holiday Home Makeover with Mr. Christmas,TV-G
Holiday in the Wild,TV-PG
Holiday Rush,TV-PG
Holiday Secrets,TV-MA
Holidays,TV-MA
Holly Star,PG
Hollywood,TV-MA
Holy Camp!,TV-MA
Abby Sen,TV-PG
Holy Expectations,TV-14
Holy Goalie,TV-MA
Holy Hell,NR
Holy Man 2,TV-14
Holy Man 3,TV-MA
Hombanna,TV-14
Home for Christmas,TV-MA
Home Game,TV-MA
Home Is Where the Killer Is,TV-14
Home: Adventures with Tip & Oh,TV-Y7
ABCD 2,TV-14
HOMECOMING: A film by Beyoncé,TV-MA
Homeland,TV-PG
Homemade,TV-MA
Hometown Holiday,TV-G
Honey 2,PG-13
Honey: Rise Up and Dance,PG-13
Honeymoon Travels Pvt. Ltd.,TV-14
Honeytrap,TV-MA
Hong Kong West Side Stories,TV-MA
Hoodwinked Too! Hood vs. Evil,PG
ABCD: Any Body Can Dance,TV-14
Hook,PG
Hoops,TV-MA
Hop,PG
Hope Aur Hum,TV-14
Hope Frozen: A Quest to Live Twice,TV-PG
Hope Springs Eternal,PG
Hope: One in a Billion,TV-14
Hormones,TV-MA
Horns,R
Horrid Henry,TV-Y7
Abdo Mota,TV-MA
Horrid Henry's Gross Day Out,TV-Y
Horror Homes,TV-14
Horror Story,TV-14
Horse Girl,R
Hospital Playlist,TV-MA
Hostage to the Devil,TV-14
Hostages,TV-PG
Hostiles,R
Hot Bot,NR
Hot Date,TV-MA
Abducted in Plain Sight,TV-14
Hot Gimmick: Girl Meets Boy,TV-MA
Hot Girls Wanted,TV-MA
Hot Girls Wanted: Turned On,TV-MA
Hot Property,TV-MA
Hot Rod,PG-13
Hot Sweet Sour,TV-14
Hotel Beau Séjour,TV-14
Hotel for Dogs,PG
Hotel Pacific,TV-MA
Hotel Transylvania,TV-Y7
Hotel Transylvania 3: Summer Vacation,PG
House Arrest,TV-14
House at the End of the Street,PG-13
House of Cards,TV-MA
House of the Witch,TV-MA
House of Z,TV-14
How High 2,TV-MA
How It Ends,TV-MA
How the Beatles Changed the World,TV-PG
Abhinetri,TV-14
How the Grinch Stole Christmas,PG
How to Be a Latin Lover,PG-13
How to Be a Player,R
How to Change the World,NR
How to Fix a Drug Scandal,TV-MA
How to Get Away with Murder,TV-14
How to Get Over a Breakup,TV-MA
How to Live Mortgage Free with Sarah Beeny,TV-MA
How to Make an American Quilt,PG-13
How To Ruin Christmas,TV-MA
Abnormal Summit,TV-PG
How to Sell Drugs Online (Fast),TV-MA
How to Stage a Coup,TV-14
How to Train Your Dragon 2,PG
How to Win the US Presidency,TV-PG
Howards End,PG
Hridaynath,TV-14
Hubie Halloween,PG-13
Huge in France,TV-MA
Hugo,PG
Hulk Vs.,PG-13
Abominable Christmas,TV-Y7
Hum Aapke Hain Koun,TV-14
Hum Saath-Saath Hain,TV-G
Human Nature,TV-PG
Humko Deewana Kar Gaye,TV-PG
Humpty Sharma Ki Dulhania,TV-14
Humsafar,TV-PG
Hungerford,TV-MA
Hunt for the Wilderpeople,PG-13
Hunt to Kill,R
Hunter in the Blue Side of Manchester,TV-MA
About a Boy,PG-13
Hunter X Hunter (2011),TV-MA
Hunter's Prayer,R
Hunterrr,TV-MA
Hunters of the South Seas,TV-14
Huntik: Secrets and Seekers,TV-Y7
Hurricane Bianca,TV-MA
Hurricane Bianca: From Russia With Hate,TV-MA
Husbands in Goa,TV-14
Hush,R
Hustle & Flow,R
About Time,R
Hyena,TV-MA
Hymn of Death,TV-14
Hyori's Bed & Breakfast,TV-14
Hyper HardBoiled Gourmet Report,TV-MA
Hyperdrive,TV-PG
Hypersomnia,TV-MA
I Am,TV-MA
I AM A KILLER,TV-MA
I AM A KILLER: RELEASED,TV-MA
I Am Bolt,PG
Abstract: The Art of Design,TV-14
I Am Divine,TV-MA
I Am Jane Doe,TV-14
I am Jonas,TV-MA
I Am Kalam,TV-PG
I Am Maris,TV-14
I Am Me!,TV-14
I Am Michael,TV-MA
I Am Mother,TV-PG
I Am not an Easy Man,TV-MA
I Am Not Madame Bovary,TV-14
Absurd Planet,TV-PG
I Am Not Okay With This,TV-MA
I Am Not Your Negro,PG-13
I Am Sun Mu,NR
I Am the Pretty Thing That Lives in the House,TV-14
I Am Vengeance,R
I Am Vengeance: Retaliation,R
I Am Woman,TV-MA
I Am Wrath,R
I Called Him Morgan,TV-14
I Don't Feel at Home in This World Anymore,TV-MA
Abyss,TV-14
I Don't Know How She Does It,PG-13
I Dream Of Dance,TV-14
I Fine... Thank You... Love You,TV-14
I Hate Luv Storys,TV-14
I Have a Script,TV-14
I Hear You,TV-14
I Lost My Body,TV-MA
I Think You Should Leave with Tim Robinson,TV-MA
I Will Follow,TV-14
Abzurdah,TV-MA
I'll See You in My Dreams,PG-13
I'll Sleep When I'm Dead,TV-MA
I'm Brent Morin,TV-MA
I'm in Love with a Church Girl,PG
I'm Leaving Now,TV-MA
I'm No Longer Here,TV-MA
I'm Sorry,TV-MA
I'm Thinking of Ending Things,R
I'm with the Band: Nasty Cherry,TV-MA
Acapulco La vida va,TV-MA
Ibiza,TV-MA
IBOY,TV-MA
Icarus,TV-MA
Ice Fantasy,TV-14
Ice Guardians,TV-MA
Iceman,R
ID-0,TV-PG
Ideachi Kalpana,TV-14
Idiotest,TV-PG
Accident,TV-MA
If Anything Happens I Love You,PG
If I Hadn't Met You,TV-MA
If I were an Animal,TV-G
Igor,PG
III Smoking Barrels,TV-MA
Iliza Shlesinger: Confirmed Kills,TV-MA
Iliza Shlesinger: Elder Millennial,TV-MA
Iliza Shlesinger: Freezing Hot,TV-MA
Iliza Shlesinger: Unveiled,TV-MA
Iliza Shlesinger: War Paint,NR
Accidentally in Love,TV-14
Illang: The Wolf Brigade,TV-MA
Imagine That,PG
Imago,TV-PG
Immigration Nation,TV-MA
Immoral Tales,UR
Immortal Classic,TV-14
Immortals,TV-MA
Imperfect,TV-MA
Imperial Dreams,TV-MA
Imposters,TV-MA
Across Grace Alley,TV-PG
In a Valley of Violence,R
In Between,TV-14
In Darkness,TV-MA
In Defense of a Married Man,TV-14
In Family I Trust,TV-MA
In Family We Trust,TV-MA
In Laws,TV-PG
In Line,TV-14
In My Country,TV-MA
In Paradox,TV-14
Across The Line,TV-MA
In Search of Fellini,R
In the Bosom of a Thorn,TV-14
In The Dark,TV-14
In The Deep,PG-13
In the Shadow of Iris,TV-MA
In the Shadow of the Moon,TV-MA
In the Tall Grass,TV-MA
In This Corner of the World,PG-13
Inborn Pair,TV-14
Incarnate,PG-13
Across the Universe,PG-13
Inception,PG-13
Incir Receli 2,TV-14
Incoming,TV-MA
Incomplete,TV-MA
Inconceivable,R
Incorruptible,TV-MA
Incredibles 2 (Spanish Version),PG
INDIA,NR
India: Nature's Wonderland,TV-PG
Indian Horse,TV-MA
Act of Valor,R
Indian Matchmaking,TV-14
Indiana Jones and the Kingdom of the Crystal Skull,PG-13
Indiana Jones and the Last Crusade,PG-13
Indiana Jones and the Raiders of the Lost Ark,PG
Indiana Jones and the Temple of Doom,PG
Indiscretion,TV-MA
Inequality for All,PG
Influx,TV-PG
Inglourious Basterds,R
Ingobernable,TV-MA
23:59,R
Act of Vengeance,NR
Ingress: The Animation,TV-MA
Inheritors,TV-14
Inhuman Kiss,TV-MA
Inhuman Resources,TV-MA
Initial D,TV-14
Ink Master,TV-14
Inkaar,TV-MA
Inkheart,PG
Inmates,TV-MA
Innocent,TV-MA
Action Replayy,TV-PG
Insan,TV-14
Insatiable,TV-MA
Inside Bill's Brain: Decoding Bill Gates,TV-14
Inside Man: Most Wanted,R
Inside the Criminal Mind,TV-MA
Inside The Freemasons,TV-MA
Inside the Mind of a Serial Killer,TV-14
Inside the Mossad,TV-14
Inside the Real Narcos,TV-MA
Inside the World’s Toughest Prisons,TV-MA
Acts of Vengeance,R
Insidious,PG-13
Inspector Gadget,TV-Y7
Inst@famous,TV-MA
Instant Hotel,TV-MA
Instructions Not Included,PG-13
Intelligence,TV-MA
Interior Design Masters,TV-PG
Internet Famous,TV-14
Interrogation,TV-MA
Intersection,TV-MA
Acts of Violence,R
Interview with a Serial Killer,TV-MA
Into the Badlands,TV-MA
Into the Forest,R
Into the Inferno,TV-PG
Into the Night,TV-MA
Into the Wild,R
Intuition,TV-MA
InuYasha,TV-14
Inuyasha the Movie - L'isola del fuoco scarlatto,TV-PG
Inuyasha the Movie - La spada del dominatore del mondo,TV-14
Ad Vitam,TV-MA
InuYasha the Movie: Affections Touching Across Time,TV-PG
InuYasha: The Movie 2: The Castle Beyond the Looking Glass,TV-14
Invader Zim: Enter the Florpus,TV-Y7
Invictus,PG-13
Invisible,TV-MA
Invisible Essence: The Little Prince,TV-PG
Inxeba,TV-MA
IO,TV-14
Ip Man,R
Ip Man 2,R
Adú,TV-MA
Ip Man 3,PG-13
Ip Man 4: The Finale,TV-MA
Iqbal,TV-Y7
Irada Pakka,TV-14
Iris,TV-14
Iron Cowboy: The Story of the 50.50.50,TV-14
Iron Fists and Kung-Fu Kicks,TV-MA
Iron Ladies,TV-14
Iron Man & Captain America: Heroes United,PG
Iron Man: Armored Adventures,TV-Y7
Adam Devine: Best Time of Our Lives,TV-MA
Iron Sky: The Coming Race,TV-MA
Irreplaceable You,TV-MA
Is It Wrong to Try to Pick Up Girls in a Dungeon?,TV-MA
Is Love Enough? Sir,TV-MA
Isa Pa with Feelings,TV-G
Ishq Vishk,TV-PG
Ishqedarriyaan,TV-14
Ishqiya,TV-14
Isi & Ossi,TV-MA
Islands of Faith,TV-PG
Adam Ruins Everything,TV-14
Islands of the Future,TV-PG
Isoken,TV-14
Issaq,TV-MA
It Comes at Night,R
It Takes a Lunatic,TV-MA
It Takes a Man and a Woman,TV-PG
It Takes Two,PG
It's Bruno!,TV-MA
It's Fine,TV-14
ADAM SANDLER 100% FRESH,TV-MA
It's Her Day,TV-MA
It's Now or Never,TV-MA
It's Okay to Not Be Okay,TV-MA
Itaewon Class,TV-MA
Ittefaq,TV-MA
Iverson,NR
Iyore,TV-PG
IZombie,TV-MA
Izzy's Koala World,TV-Y
Adam: His Song Continues,TV-MA
J-Style Trip,TV-14
Jaal,TV-14
Jaan-E-Mann: Let's Fall in Love... Again,TV-14
Jaane Tu... Ya Jaane Na,TV-14
Jab Harry Met Sejal,TV-MA
Jab We Met,TV-14
Jack and the Cuckoo-Clock Heart,PG
Jack of all Trades,TV-MA
Jack Taylor,TV-MA
Addicted to Life,TV-14
Jack Whitehall: At Large,TV-MA
Jack Whitehall: Christmas with My Father,TV-MA
Jack Whitehall: I'm Only Joking,TV-MA
Jack Whitehall: Travels with My Father,TV-MA
Jackie Brown,R
Jackie: A Tale of Two Sisters,TV-PG
Jackpot,TV-14
Jacob's Ladder,R
Jada,TV-14
Jag älskar dig: En skilsmässokomedi,TV-MA
Adel Karam: Live from Beirut,TV-MA
Jagat,TV-MA
Jagga Jasoos,TV-14
Jai Mummy Di,TV-MA
Jail,TV-14
Jailbirds,TV-MA
Jailbreak,TV-MA
Jake's Buccaneer Blast,TV-Y
Jal,TV-14
Jalpari: The Desert Mermaid,TV-14
James Acaster: Repertoire,TV-14
Adhugo,TV-14
Jamtara - Sabka Number Ayega,TV-MA
Janaan,TV-14
Jandino: Whatever it Takes,TV-MA
Jane The Virgin,TV-14
Jani Dueñas: Grandes fracasos de ayer y hoy,TV-MA
Jaoon Kahan Bata Ae Dil,TV-MA
Japan Sinks: 2020,TV-MA
Japanese Style Originator,TV-G
Jarhead: Law of Return,R
Jatt James Bond,TV-14
Aditi Mittal: Things They Wouldn't Let Me Say,TV-MA
Jatts in Golmaal,TV-PG
Jay and Silent Bob Strike Back,R
Jealousy and medicine,TV-MA
Jefe,TV-MA
Jeff Dunham: All Over the Map,TV-MA
Jeff Dunham: Arguing with Myself,TV-MA
Jeff Dunham: Beside Himself,TV-MA
Jeff Dunham: Controlled Chaos,TV-MA
Jeff Dunham: Minding the Monsters,TV-MA
Jeff Dunham: Relative Disaster,TV-MA
Adore,R
Jeff Dunham: Unhinged in Hollywood,TV-MA
Jeff Dunham's Very Special Christmas Special,TV-MA
Jeff Foxworthy and Larry the Cable Guy: We’ve Been Thinking...,TV-14
Jeff Garlin: Our Man In Chicago,TV-MA
Jeffrey Epstein: Filthy Rich,TV-MA
Jem and the Holograms,PG
Jen Kirkman: I'm Gonna Die Alone (And I Feel Fine),TV-MA
Jen Kirkman: Just Keep Livin’?,TV-MA
Jenni Rivera: Mariposa de Barrio,TV-MA
Jenny Slate: Stage Fright,TV-MA
Adrift,PG-13
Jeopardy!,TV-G
Jeremiah Tower: The Last Magnificent,R
Jeremy Scott: The People's Designer,PG-13
Jericho,TV-14
Jerry Before Seinfeld,TV-14
Jerry Seinfeld: 23 Hours To Kill,TV-PG
Jerry Seinfeld: Comedian,R
Jerry Seinfeld: I'm Telling You for the Last Time,TV-14
Jersey Boys,R
Jessica Darling's It List,TV-Y
Adrishya,TV-14
Jesus: Countdown to Calvary,TV-14
Jewel's Catch One,TV-MA
Jezebel,TV-MA
JFK: The Making of a President,TV-PG
Jhankaar Beats,TV-14
Jhansi Ki Rani,TV-14
Jim Gaffigan: Beyond the Pale,TV-14
Jim Gaffigan: Cinco,TV-14
Jim Gaffigan: King Baby,TV-PG
Advantageous,TV-MA
Jim Gaffigan: Mr. Universe,TV-14
Jim Gaffigan: Obsessed,TV-14
Jim Jefferies : BARE,TV-MA
Jim Jefferies: Freedumb,TV-MA
Jim Jefferies: Intolerant,TV-MA
Jim Jefferies: This Is Me Now,TV-MA
Jim Norton: Mouthful of Shame,TV-MA
Jimi Hendrix,R
Jimmy Carr: Funny Business,TV-MA
Jimmy Carr: The Best of Ultimate Gold Greatest Hits,TV-MA
Adventures in Public School,NR
Jimmy Neutron: Boy Genius,G
Jimmy: The True Story of a True Idiot,TV-MA
Jindua,TV-14
Jingle Jangle: A Christmas Journey,PG
JingleKids,TV-Y7
Jinn,TV-MA
Jinxed,TV-Y
Jiro Dreams of Sushi,PG
Jis Desh Men Ganga Behti Hai,TV-14
Jo Koy: Comin' In Hot,TV-MA
Aerials,TV-14
Jo Koy: In His Elements,TV-MA
Jo Koy: Live from Seattle,TV-MA
Jo Pil-ho: The Dawning Rage,TV-MA
Joan Didion: The Center Will Not Hold,TV-14
Joan Rivers: Don't Start with Me,TV-MA
Joaquín Reyes: Una y no más,TV-MA
Jodhaa Akbar,TV-14
Joe Cocker: Mad Dog with Soul,TV-14
Joe Mande’s Award-Winning Comedy Special,TV-MA
Joe Rogan: Strange Times,TV-MA
Afflicted,TV-MA
Joe Rogan: Triggered,TV-MA
John & Jane,TV-14
John & Yoko: Above Us Only Sky,TV-MA
John Carter,PG-13
John Day,TV-MA
John Henry,R
John Leguizamo's Latin History for Morons,TV-MA
John Mellencamp: Plain Spoken,TV-MA
John Mulaney & The Sack Lunch Bunch,TV-PG
John Mulaney: Kid Gorgeous at Radio City,TV-MA
Afonso Padilha: Classless,TV-MA
John Mulaney: New in Town,TV-MA
John Mulaney: The Comeback Kid,TV-MA
John Was Trying to Contact Aliens,TV-PG
Johnny Test,TV-Y7
JoJo's Bizarre Adventure,TV-MA
Jojo's World,TV-14
Joker,TV-PG
Jonaki,TV-MA
Jonas,TV-MA
Jonathan,TV-MA
Africa,TV-PG
Jonathan Strange & Mr Norrell,TV-14
Jora 10 Numbaria,TV-MA
Joseph: King of Dreams,TV-PG
Joshua: Teenager vs. Superpower,TV-14
Journey of an African Colony,TV-MA
Journey to Greenland,TV-14
Joy,TV-MA
JU-ON: Origins,TV-MA
Juana Brava,TV-MA
Juana Inés,TV-14
Afronta! Facing It!,TV-PG
Juanita,TV-MA
Judah Friedlander: America Is the Greatest Country in the United States,TV-MA
Judd Apatow: The Return,TV-MA
Judge Singh LLB,TV-PG
Judwaa,TV-14
Judwaa 2,TV-14
Judy Moody and the Not Bummer Summer,PG
Jugaad,TV-14
Julie & Julia,PG-13
Julie and the Phantoms,TV-G
After,PG-13
Julie's Greenroom,TV-Y
Julius Jr.,TV-Y
Juman,TV-G
Jumping Girl,TV-14
Jumping the Broom,PG-13
Junebug,R
Jupiter Ascending,PG-13
Jurassic World Camp Cretaceous,TV-PG
Just Another Christmas,TV-MA